Question,Expected
"–ü—ñ–¥–∫–∞–∂—ñ—Ç—å, –±—É–¥—å –ª–∞—Å–∫–∞, —á–∏ –æ–±—Ä–≤'—è–∑–∫–æ–≤–æ RX –∑–∞–∫—Ä–∏–≤–∞—Ç–∏ –ø—Ä–æ–∑–æ—Ä–æ—é —Ç–µ—Ä–º–æ—É—Å–∞–¥–∫–æ—é,  –∞ –∫–æ–ª—å–æ—Ä–æ–≤–æ—é –º–æ–∂–Ω–∞?","–∫—Ä–∞—â–µ –ø—Ä–æ–∑–æ—Ä–æ—é, –±–æ —Ö–ª–æ–ø—Ü—ñ –ø–æ—Ç—ñ–º —Å–∞–º–æ—Å—Ç—ñ–π–Ω–æ –º—ñ–Ω—è—é—Ç—å"
"–°–∫–∞–∂—ñ—Ç—å, –±—É–¥—å –ª–∞—Å–∫–∞, —á–æ–º—É –∞–Ω—Ç–µ–Ω–∞ Lollypop –ø—ñ—Å–ª—è –º–æ–Ω—Ç–∞–∂—É –Ω–∞  —Ä–∞–º—É —ñ–∑ –∑–∞—Ç—è–≥–Ω–µ–Ω–∏–º–∏ –≥–∞–π–∫–∞–º–∏ –ª–µ–≥–∫–æ –æ–±–µ—Ä—Ç–∞—î—Ç—å—Å—è –Ω–∞–≤–∫–æ–ª–æ —Å–≤–æ—î—ó –æ—Å—ñ. –ó–∞–≥–Ω—É—Ç–∏ —ó—ó –¥–æ–≥–æ—Ä–∏ –Ω–µ –≤–¥–∞—î—Ç—å—Å—è- —Å–∞–º–∞ –æ–ø—É—Å–∫–∞—î—Ç—å—Å—è?","–í–∏ –Ω–µ –¥–æ–∫—Ä—É—Ç–∏–ª–∏ –∞–Ω—Ç–µ–Ω—É –Ω–∞ –ø—ñ–≥—Ç–µ–π–ª. –ö—Ä—É—Ç—ñ—Ç—å –¥–∞–ª—ñ. –ê–Ω—Ç–µ–Ω–∞ –Ω–µ –ø–æ–≤–∏–Ω–Ω–∞ –æ–±–µ—Ä–∞—Ç–∏—Å—è. –Ø–∫—â–æ –æ–±–µ—Ä—Ç–∞—î—Ç—å—Å—è, —Ç–æ –Ω–µ —Ä–µ–∫–æ–º–µ–Ω–¥—É—é –¥–∞–≤–∞—Ç–∏ –∂–∏–≤–ª–µ–Ω–Ω—è –Ω–∞ –¥—Ä–æ–Ω. –°–ø–∞–ª–∏—Ç–µ vtx."
"–°–∫–∞–∂—ñ—Ç—å, –±—É–¥—å –ª–∞—Å–∫–∞, —á–æ–º—É –∞–Ω—Ç–µ–Ω–∞ Lollypop –ø—ñ—Å–ª—è –º–æ–Ω—Ç–∞–∂—É –Ω–∞  —Ä–∞–º—É —ñ–∑ –∑–∞—Ç—è–≥–Ω–µ–Ω–∏–º–∏ –≥–∞–π–∫–∞–º–∏ –ª–µ–≥–∫–æ –æ–±–µ—Ä—Ç–∞—î—Ç—å—Å—è –Ω–∞–≤–∫–æ–ª–æ —Å–≤–æ—î—ó –æ—Å—ñ. –ó–∞–≥–Ω—É—Ç–∏ —ó—ó –¥–æ–≥–æ—Ä–∏ –Ω–µ –≤–¥–∞—î—Ç—å—Å—è- —Å–∞–º–∞ –æ–ø—É—Å–∫–∞—î—Ç—å—Å—è? –ì–∞–π–∫–∏ –∑–∞—Ç—è–≥–Ω—É—Ç—ñ –¥–æ–±—Ä–µ, –∂–∏–≤–ª–µ–Ω–Ω—è –≤–∂–µ –ø–æ–¥–∞–≤–∞–≤, 5 –∑–≤—É–∫—ñ–≤ –ø—Ä–æ–ª—É–Ω–∞–ª–æ","–Ñ –ø—ñ–¥–æ–∑—Ä–∞ —â–æ –≤–∏ –ø—ñ–≥—Ç–µ–π–ª –ø—Ä–æ–¥—ñ–ª–∏ –∑–Ω–∏–∑—É –∫—Ä—ñ–ø–ª–µ–Ω–Ω—è –¥–ª—è –∞–Ω—Ç–µ–Ω–∏ —ñ –∑–≤–µ—Ä—Ö—É –ø—Ä–∏–∫—Ä—É—Ç–∏–ª–∏ –≥–≤–∏–Ω—Ç–∞–º–∏, –≤ —Ç–∞–∫–æ–º—É —Ä–∞–∑—ñ –∞–±–æ –∞–Ω—Ç–µ–Ω–∞ –≤–ø–∏—Ä–∞—î—Ç—å—Å—è —É –≥–≤–∏–Ω—Ç–∏ —ñ –¥–∞–ª—ñ –Ω–µ –∫—Ä—É—Ç–∏—Ç—å—Å—è, –∞–±–æ –∂ –≤–ø–∏—Ä–∞—î—Ç—å—Å—è –≤ 3–¥ –¥—Ä—É–∫. –§—ñ–∫—Å–∏—Ç—å—Å—è –≤–∏–Ω–æ—Å–æ–º –ø—ñ–≥—Ç–µ–π–ª–∞ –Ω–∞–∑–æ–≤–Ω—ñ 3–¥ –¥—Ä—É–∫—É, –∞ –≥–≤–∏–Ω—Ç–∏ –∑–Ω–∏–∑—É"
"–î–æ–±—Ä–æ–≥–æ –¥–Ω—è, –ø—ñ–¥–∫–∞–∂—ñ—Ç—å, —á–∏–º –º–æ–∂–Ω–∞ —Ä–æ–∑–∫—Ä—É—Ç–∏—Ç–∏ –∫—Ä—É–≥–ª—ñ –≥–∞–π–∫–∏, —â–æ —Ñ—ñ–∫—Å—É—é—Ç—å –ø—Ä–æ–º–µ–Ω—ñ —Ä–∞–º–∏? –¢—Ä–µ–±–∞ —Ä–æ–∑—ñ–±—Ä–∞—Ç–∏ —Ä–∞–º—É, –∞ –≤—Å–µ –≤–∂–µ –Ω–∞ —Ñ—ñ–∫—Å–∞—Ç–æ—Ä—ñ, —è–∫–æ—Å—å –∑–∞—Ñ—ñ–∫—Å—É–≤–∞—Ç–∏ —ñ –ø—Ä–æ–∫—Ä—É—Ç–∏—Ç–∏ –Ω–µ –≤–∏—Ö–æ–¥–∏—Ç—å","–ú–µ–Ω—ñ –¥–æ–ø–æ–º–æ–≥–ª–æ –ø—Ä–æ–º—ñ–Ω—å –Ω–∞ –∑–ª–∞–º –≤ –±—ñ–∫ –≥–∞–π–∫–∏ –≤–∏–≥–Ω—É—Ç–∏, —â–æ–± –±—É–≤ –±—ñ–ª—å—à–∏–π —Å–ø—Ä–æ—Ç–∏–≤ —ñ —Ç–æ–¥—ñ –≤—ñ–¥–∫—Ä—É—Ç–∏–ª–æ—Å—å."
"–î–æ–±—Ä–∏–π —á–∞—Å, –ø—ñ–¥–∫–∞–∂—ñ—Ç—å –±—É–¥—å –ª–∞—Å–∫–∞, —á–∏ —î –ø—Ä–æ–±–ª–µ–º–æ—é , –∫–æ–ª–∏ –ø—Ä–∏–ø—ñ–π –ø–∞–¥–∞—î –Ω–∞ —Ç–∞–∫—É –¥–µ—Ç–∞–ª—å —Ä–µ–≥—É–ª—è—Ç–æ—Ä–∞ –æ–±–µ—Ä—Ç—ñ–≤?",–¶—å–æ–≥–æ –≤–∞–º –º–∞–±—É—Ç—å –Ω—ñ—Ö—Ç–æ –Ω–µ —Å–∫–∞–∂–µ... –Ü –ø–µ—Ä–µ–≤—ñ—Ä–∏—Ç–∏ –≤–∏ –∑–º–æ–∂–µ—Ç–µ –ª–∏—à–µ –≤–∫—ñ–Ω—Ü—ñ –º–∞–±—É—Ç—å –ø–æ–¥–∞–≤—à–∏ –∂–∏–≤–ª–µ–Ω–Ω—è —á–µ—Ä–µ–∑ Smoke-Stopper —ñ –ø–æ—Ç—ñ–º –ø—ñ–¥'—î–¥–Ω–∞–≤—à–∏ –¥–æ ESC Configurator-a... –ù–∞ –º–∞–π–±—É—Ç–Ω—î —Ä–∞–¥–∂—É –ó–ê–í–ñ–î–ò (!) –ø–µ—Ä–µ–¥ –ø–∞–π–∫–æ—é –∑–∞–∫–ª–µ—é–≤–∞—Ç–∏ —Å–µ—Ä–µ–¥–∏–Ω—É –ø–ª–∞—Ç–∏ –º–∞–ª—è—Ä—Å—å–∫–æ—é —Å—Ç—Ä—ñ—á–∫–æ—é –∞–±–æ –∫–∞–ø—Ç–æ–Ω–æ–≤–∏–º —Å–∫–æ—Ç—á–µ–º - —è–∫—Ä–∞–∑ –Ω–∞ –≤–∏–ø–∞–¥–æ–∫ –æ—Å—å —Ç–∞–∫–∏—Ö –Ω–µ—â–∞—Å—Ç—å.
"–î–æ–±—Ä–æ–≥–æ –¥–Ω—è.
–ü–æ—á–∞–ª–∞ –∑–±–∏—Ä–∞—Ç–∏ –¥—Ä–æ–Ω.
–ó—ñ–±—Ä–∞–ª–∞ —Ä–∞–º—É. –ê –≤–∂–µ –ø–æ—Ç—ñ–º –≤–∏—è–≤–∏–ª–∞, —â–æ –Ω–µ —Ç–∏–º –±–æ–∫–æ–º –ø—Ä–∏–∫—Ä—ñ–ø–∏–ª–∞ –ø–ª–æ—â–∞–¥–∫—É –ø—ñ–¥ —Ä–µ–≥—É–ª—è—Ç–æ—Ä –æ–±–µ—Ä—Ç—ñ–≤ –º–æ—Ç–æ—Ä—ñ–≤ —Ç–∞ –ø–æ–ª—å–æ—Ç–Ω–∏–π –∫–æ–Ω—Ç—Ä–æ–ª–µ—Ä. –ü–æ—á–∞–ª–∞ —Ä–æ–∑–∫—Ä—É—á—É–≤–∞—Ç–∏ –Ω–∞–∑–∞–¥. –û–¥–∏–Ω –≥–≤–∏–Ω—Ç –∑–∞—ó–ª–æ. –ü—Ä–æ–±—É–≤–∞–ª–∞ –∫–∞–ø–∞—Ç–∏ –º–∞—à–∏–Ω–Ω–∏–º –º–∞—Å–ª–æ–º ‚Äî –Ω–µ –¥–æ–ø–æ–º–∞–≥–∞—î. –ù–µ –ø—ñ–¥–∫–∞–∂–µ—Ç–µ, —è–∫ –º–æ–∂–Ω–∞ –≤–∏–π—Ç–∏ –∑ —Ü—å–æ–≥–æ –ø–æ–ª–æ–∂–µ–Ω–Ω—è. –°–∏–¥–∂—É –Ω–∞ —Ö—É—Ç–æ—Ä—ñ. –ó–∞–π—à–ª–∞ –¥–æ —Å—É—Å—ñ–¥–∞, —Å—É—Å—ñ–¥ (–Ω–µ –º–∞–π—Å—Ç–µ—Ä) –ø—ñ–¥—Ç–≤–µ—Ä–¥–∏–≤ —Ç–µ. —â–æ —è –±–∞—á–∏–ª–∞ –π —Å–∞–º–∞ - –∑—ñ—Ä–≤–∞–ª–∞—Å—è –Ω–∞—Ä—ñ–∑–∫–∞ –Ω–∞ –≥–≤–∏–Ω—Ç—ñ —ñ —Ç–æ–º—É –Ω–µ –º–æ–∂–Ω–∞ –≤—ñ–¥–∫—Ä—É—Ç–∏—Ç–∏. –ù–µ —Ö–æ—Ç—ñ–ª–æ—Å—è –± —á–µ—Ä–µ–∑ —Ü–µ –∑–∞–º–æ–≤–ª—è—Ç–∏ –Ω–æ–≤—É —Ä–∞–º—É.","—Ç—Ä–µ–±–∞ –±–∞–Ω–∞–ª—å–Ω–æ –≤ –æ—Ç–≤–æ—Ä—ñ –∑–∞—Ñ—ñ–∫—Å—É–≤–∞—Ç–∏ –≥–∞–π–∫—É, –ø–æ—Ç—ñ–º –Ω–∞—Ç–∏—Å–∫–∞—é—á–∏ –Ω–∞ —Ä—ñ–∑—å–±—É –≥–≤–∏–Ω—Ç–∞ –≤–∏–∫—Ä—É—á—É–≤–∞—Ç–∏ –π–æ–≥–æ —Ä–∞–Ω–æ —á–∏ –ø—ñ–∑–Ω–æ –Ω–∞—Ä—ñ–∑–∫–∏ –≥–≤–∏–Ω—Ç–∞ —ñ –≥–∞–π–∫–∏ –∑–∞–π–¥—É—Ç—å –≤ —â–µ–ø–ª–µ–Ω–Ω—è —ñ –≥–≤–∏–Ω—Ç –≤–∏–∫—Ä—É—Ç–∏—Ç–∏—Å—è, –Ω–∞–±–µ—Ä—ñ—Ç—å—Å—è —Ç–µ—Ä–ø—ñ–Ω–Ω—è, –Ω—ñ –≤ —è–∫–æ–º—É —Ä–∞–∑—ñ –Ω–µ –∑–∞–ª–æ–º—É–π—Ç–µ —ñ –Ω—ñ—á–æ–≥–æ –Ω–µ –ø–µ—Ä–µ–∫–æ—à—É–π—Ç–µ, —è –Ω–∞–≤–ø–∞–∫–∏ –Ω–µ –≤–∏–∫—Ä—É—á—É–≤–∞–≤ –±–∏ —ñ–Ω—à—ñ –≥–≤–∏–Ω—Ç–∏ –ø–æ–∫–∏ –Ω–µ —Ä–æ–∑—ñ–±—Ä–∞–≤—Å—è –∑ –ø—Ä–æ–±–ª–µ–º–Ω–∏–º, –æ—Å–∫—ñ–ª—å —Ç–µ–ø–µ—Ä –≤—Å–µ –±–æ–≤—Ç–∞—î—Ç—å—Å—è —ñ —Ç—ñ–ª—å–∫–∏ –∑–∞–≤–∞–∂–∞—î
–ù–µ –Ω–∞–º–∞–≥–∞–π—Ç–µ—Å—è —Ä–æ–∑–∫–ª–∏–Ω–∏—Ç–∏, –Ω–µ –≤—Å—Ç–∞–≤–ª—è–π—Ç–µ –≤ –∑–∞–∑–æ—Ä –∑–∞–π–≤–∏—Ö –ø—Ä–µ–¥–º–µ—Ç—ñ–≤, –∫—Ä–∞—â–µ –Ω–∞–≤–ø–∞–∫–∏ –∑–Ω–æ–≤—É –∑–∞—Ñ—ñ–∫—Å—É–π—Ç–µ –≤ –¥–æ–¥–∞—Ç–∫–æ–≤–∏—Ö –æ—Ç–≤–æ—Ä–∞—Ö —Ü–µ–π –ø—Ä–æ–º—ñ–Ω—å —ñ –≤–∏—Ä—ñ—à—ñ—Ç—å –ø—Ä–æ–±–ª–µ–º—É"
–ü—Ä–æ–±—É—é –∑–º–∏—Ç–∏ –Ω–µ–¥—ñ–ª—å–Ω–∏–π —Ñ–ª—é—Å —ñ–∑–æ–ø—Ä–æ–ø–∏–ª–æ–≤–∏–º —Å–ø–∏—Ä—Ç–æ–º. –Ø —Ç–∞–∫ —Ä–æ–∑—É–º—ñ—é —â–æ —Ñ–ª—é—Å —Ç—Ä–µ–±–∞ –∑–º–∏–≤–∞—Ç–∏ –æ–¥—Ä–∞–∑—É –ø—ñ—Å–ª—è –ø–∞–π–∫–∏ –±–æ –ø–æ–≤–Ω—ñ—Å—Ç—é –Ω–µ –≤–∏–π–¥–µ –∑–º–∏—Ç–∏ —ñ –≤—Å–µ —Å—Ç–∞–Ω–µ —Ç–∞–∫–∏–º –º–∞—Ç–æ–≤–∏–º —Ç–∞ –ª–∏–ø–∫–∏–º?,"–Ø–∫—â–æ —Å–∏–ª—å–Ω–æ –ø—Ä–∏—Å–æ—Ö–ª–æ, –ø—ñ–¥—ñ–≥—Ä—ñ–π—Ç–µ, –∑–æ–≤—Å—ñ–º —Ç—Ä—ñ—à–∫–∏, –¥–æ–¥–∞–π—Ç–µ —Å–ø–∏—Ä—Ç—É –¥–∞–ª—ñ —Ö–± (–±–∞–≤–æ–≤–Ω—è–Ω–∞ —Ç–∫–∞–Ω–∏–Ω–∞) —ñ –ø–æ —Ç–µ–∫—Å—Ç—É"
–î—É–∂–µ –≥—Ä—ñ—î—Ç—å—Å—è –≤—ñ–¥–µ–æ –ø–µ—Ä–µ–¥–∞–≤–∞—á –ø—Ä–∏ –Ω–∞–ª–∞—à—Ç—É–≤–∞–Ω–Ω—ñ –º–æ—Ç–æ—Ä—ñ–≤. –ù–∞–≤—ñ—Ç—å –∑ –≤–µ–Ω—Ç–∏–ª—è—Ç–æ—Ä–æ–º –ø–æ—Ä—É—á. –ù–∞–≤—ñ—Ç—å –∫–æ–ª–∏ –≤–∏–º–∫–Ω–µ–Ω–∞ –ø–æ—Ç—É–∂–Ω—ñ—Å—Ç—å –≤ BetaFlight. –Ñ –≤–∏—Ö—ñ–¥ —Ä–æ–±–∏—Ç–∏ —Ü–µ –Ω–∞–ª–∞—à—Ç—É–≤–∞–Ω–Ω—è –Ω–µ –ø–æ—Å–ø—ñ—à–∞—é—á–∏?,–£–≤—ñ–º–∫–Ω—É—Ç–∏ –ø—ñ—Ç –º–æ–¥
–î–æ–±—Ä–æ–≥–æ –¥–Ω—è –≤—Å—ñ–º.–®–∞–Ω–æ–≤–Ω–∞ —Å–ø—ñ–ª—å–Ω–æ—Ç–∞ –≤–∏—è–≤–∏–≤ –∑–∞–º–∏–∫–∞–Ω–Ω—è –Ω–∞ —Ä–µ–≥.–æ–±–µ—Ä—Ç—ñ–≤ –ø—ñ—Å–ª—è —á–æ–≥–æ  –ø—ñ—Å–ª—è –ø–µ—Ä–µ–≤—ñ—Ä–∫–∏ smoke stopper  –ø–æ—á–∏–Ω–∞—î —Ä—É—Ö –æ–¥–∏–Ω –∑ –¥–≤–∏–≥—É–Ω—ñ–≤ —Ç–∞ –≤–∏–¥–∞—î –Ω–µ–ø—Ä–∞–≤–∏–ª—å–Ω–∏–π –∑–≤—É–∫,–ü—ñ—à–æ–≤ –¥–∏–º - –∑–Ω–∞—á–∏—Ç—å —â–æ—Å—å –≤–∏–≥–æ—Ä—ñ–ª–æ. –í —Ä–µ–º–æ–Ω—Ç. –ê–±–æ –ø—ñ–¥ –∑–∞–º—ñ–Ω—É.
"–Ø –Ω–∞–º–∞–≥–∞–≤—Å—è –∑—Ä–æ–±–∏—Ç–∏ –∫–∞–ø–ª—é —Ü—ñ–ª—å–Ω–æ—é, –∞–ª–µ –≤–æ–Ω–∞ —Ü—ñ–ª—å–Ω–∞ —Ç—ñ–ª—å–∫–∏ –∑–≤–µ—Ä—Ö—É. –ó–Ω–∏–∑—É —ñ —ñ–Ω–æ–¥—ñ –∑–±–æ–∫—É –º–æ–∂–µ –±—É—Ç–∏ –Ω–µ —Ç–∞–∫. –î—É–∂–µ –¥–æ–≤–≥–æ –±–æ—Ä–æ–≤—Å—è –∑ —Ç–∏–º, —â–æ –∫–∞–ø–ª—è –ø–∞–¥–∞–ª–∞ –ø—Ä–æ—Å—Ç–æ –Ω–∞ –Ω–∏–∂–Ω—é —á–∞—Å—Ç–∏–Ω—É –ø–ª–∞—Ç–∏, –∞ –Ω–∞ –≤–µ—Ä—Ö–Ω—ñ–π –≤—Å–µ —É–±—ñ–≥–∞–ª–æ –¥–æ –Ω–µ—ó. –ê–ª–µ –Ω–∞—á–µ –ø–æ–±–æ—Ä–æ–≤. –ß–∏ –ø—Ä–∞–≤–∏–ª—å–Ω–∞ –ø–∞–π–∫–∞, —á–∏ —Ç—Ä–µ–±–∞ –ø–µ—Ä–µ–ø–∞—è—Ç–∏?",–ö–æ–ª–∏ —Ñ–æ–∫—É—Å—É—î—Ç–µ—Å—å –Ω–∞ –∫—Ä–∞–ø–ª—è—Ö –Ω–µ –∑–∞–±—É–≤–∞–π—Ç–µ –ø—Ä–æ–≤—ñ–¥ –≤—Ç–æ–ø–ª—é–≤–∞—Ç–∏ —Ç–∞–∫ —â–æ–± –∫–æ–Ω—Ç–∞–∫—Ç—É–≤–∞–≤ –∑ –º—ñ–¥–Ω–∏–º –∫–æ–Ω—Ç–∞–∫—Ç–æ–º. –ß–∏–º –±—ñ–ª—å—à–∞ –ø–ª–æ—â–∞ –∫–æ–Ω—Ç–∞–∫—Ç—É —Ç–∏–º –∫—Ä–∞—â–µ.
"–î–æ–±—Ä–æ–≥–æ –¥–Ω—è. –ü–∞–Ω–æ–≤–µ, –ø—ñ–¥–∫–∞–∂—ñ—Ç—å –±—É–¥—å –ª–∞—Å–∫–∞, —Å–∫—ñ–ª—å–∫–∏ –¥–Ω—ñ–≤ –º–æ–∂–Ω–∞ –∑–±–µ—Ä—ñ–≥–∞—Ç–∏ –ø–æ–≤–Ω—ñ—Å—Ç—é –∑–∞—Ä—è–¥–∂–µ–Ω–∏–π –∞–∫—É–º—É–ª—è—Ç–æ—Ä? –ó–∞—Ä—è–¥–∏–≤ –¥–≤—ñ –±–∞—Ç–∫–∏ —Ç–∏–∂–¥–µ–Ω—å —Ç–æ–º—É, –∞–ª–µ —à–æ—Å—å –∑ —Ö–ª–æ–ø—Ü—è–º–∏ –Ω—ñ—è–∫ –Ω–µ –≤–∏—ó–¥–µ–º–æ –Ω–∞ —Ç–µ—Å—Ç–æ–≤—ñ –ø–æ–ª—å–æ—Ç–∏. –î—É–º–∞—é, –º–æ–∂–µ –∑–∞—Ä–∞–∑ —Ä–æ–∑—Ä—è–¥–∏—Ç–∏ —Ö–æ—á–∞ –± –¥–æ –ø–æ–ª–æ–≤–∏–Ω–∏ —Ç–∞ –∑–∞—Ä—è–¥–∏—Ç–∏ –∑–∞–Ω–æ–≤–æ? –ë–æ, —á–∏ –≤–∏—ó–¥–µ–º–æ —Å—å–æ–≥–æ–¥–Ω—ñ, —Ç–µ–∂ –Ω–µ –∑–Ω–∞—é.","–ê–∫—É–º—É–ª—è—Ç–æ—Ä–∏ –¥–µ–≥—Ä–∞–¥—É—é—Ç—å –ø—Ä–∏ —Ç—Ä–∏–≤–∞–ª–æ–º—É –∑–±–µ—Ä—ñ–≥–∞–Ω–Ω—ñ –ø–æ–≤–Ω—ñ—Å—Ç—é –∑–∞—Ä—è–¥–∂–µ–Ω–∏–º–∏. –¶–µ —Ç—Ä–∏–≤–∞–ª–∏–π –ø—Ä–æ—Ü–µ—Å, –≤—ñ–¥–±—É–≤–∞—î—Ç—å—Å—è –ø–æ—Å—Ç—É–ø–æ–≤–æ, —Ç–æ–±—Ç–æ –Ω–µ –≤–∞—Ä—Ç–æ –∑–±–µ—Ä—ñ–≥–∞—Ç–∏ –Ω–∞–ø—Ä–∏–∫–ª–∞–¥ –ø—ñ–≤ —Ä–æ–∫—É –ø–æ–≤–Ω—ñ—Å—Ç—é –∑–∞—Ä—è–¥–∂–µ–Ω–∏–π –∞–∫—É–º. –ó–∞–≥–∞–ª–æ–º —è–∫—â–æ –ø–ª–∞–Ω—É—î—Ç—å—Å—è –ø–æ–ª—ñ—Ç –Ω–∞ –¥–Ω—è—Ö, —Ç–æ –Ω—ñ—á–æ–≥–æ —Å—Ç—Ä–∞—à–Ω–æ–≥–æ. –í —ñ–¥–µ–∞–ª—ñ - –∑–±–µ—Ä—ñ–≥–∞—Ç–∏ –Ω–∞–ø–æ–ª–æ–≤–∏–Ω—É –∑–∞—Ä—è–¥–∂–µ–Ω–∏–º, –∞ –∑–∞ –¥–µ–Ω—å –¥–æ –≤–∏–ª—å–æ—Ç—ñ–≤ –∑–∞—Ä—è–¥–∂–∞—Ç–∏"
"–î–æ–±—Ä–æ–≥–æ! –¢—É—Ç —Ä–∞–¥–∏–ª–∏, —à–æ–± –Ω–µ –≥–æ—Ä—ñ–≤,–≤—ñ–¥—Ä—ñ–∑–∞—Ç–∏ –Ω—ñ–∂–∫–∏ –∫–æ–Ω–¥–µ–Ω—Å–∞—Ç–æ—Ä–∞ —ñ –ø–∞—è—Ç–∏ –π–æ–≥–æ  –º–∞–∫—Å–∏–º–∞–ª—å–Ω–æ –±–ª–∏–∑—å–∫–æ –¥–æ –∑'—î–¥–Ω–∞–Ω–Ω—è —Å–∏–ª–æ–≤–∏—Ö –∫–∞–±–µ–ª—ñ–≤ –∑ ESC. –ê–±–æ –ø—ñ–¥–ø–∞—é–≤–∞—Ç–∏ –∑–∞–º—ñ—Å—Ç—å –Ω—ñ–∂–æ–∫ –∑–∞–ª–∏—à–∫–∏ –ø—Ä–æ–≤–æ–¥—ñ–≤ –≤—ñ–¥ –º–æ—Ç–æ—Ä—ñ–≤, –∑–∞–ª–∏—à–∞—é—á–∏ –≤—ñ–¥ —Å–∞–º–∏—Ö –Ω—ñ–∂–æ–∫ 2 - 3 –º–º","–ß—É—Ç–∫–∏ –ø—Ä–æ —ó—Ö –≥–æ—Ä—ñ–Ω–Ω—è —É –≤–µ–ª–∏–∫—ñ–π –º—ñ—Ä—ñ –ø–µ—Ä–µ–±—ñ–ª—å—à–µ–Ω—ñ. –ë—É–≤–∞—î, –∞–ª–µ —Ü–µ –Ω–µ –∑–Ω–∞—á–∏—Ç—å —â–æ –≥–æ—Ä–∏—Ç—å –∫–æ–∂–µ–Ω –¥—Ä—É–≥–∏–π —á–∏ –Ω–∞–≤—ñ—Ç—å –∫–æ–∂–µ–Ω –¥–µ—Å—è—Ç–∏–π.
–Ø–∫—â–æ —Ö–æ—á–µ—Ç–µ –ø–µ—Ä–µ—Å—Ç—Ä–∞—Ö—É–≤–∞—Ç–∏—Å—å - –∫—Ä–∞—â–µ –ø–æ—Å—Ç–∞–≤—Ç–µ —è–∫—ñ—Å–Ω—ñ—à–∏–π –∫–æ–Ω–¥–µ–Ω—Å–∞—Ç–æ—Ä "
"–°–ø—ñ–ª—å–Ω–æ—Ç–∞ –¥–æ–±—Ä–æ–≥–æ —Ä–∞–Ω–∫—É 
–•—Ç–æ —Å—Ç–∏–∫–∞–≤—Å—è –∑ –ø—Ä–æ–±–ª–µ–º–æ—é –∫–æ–ª–∏ —Å—Ç–∞–≤–∏—à –∫–∞–Ω–∞–ª –Ω–∞–ø—Ä–∏–∫–ª–∞–¥ R1 –∞ –¥—Ä–æ–Ω –ø–æ —Ñ–∞–∫—Ç—É –ø—Ä–∞—Ü—é—î –Ω–∞ B5 —Ö–æ—á–∞ –≤ –±–µ—Ç–∞—Ñ–ª–∞—ó –≤—Å–µ –ø—Ä–∞–≤–∏–ª—å–Ω–æ 
–ó —á–∏–º —Ü–µ –ø–æ–≤'—è–∑–∞–Ω–æ —ñ —è–∫ –º–æ–∂–ª–∏–≤–æ –≤–∏—Ä—ñ—à–∏—Ç–∏?
–Ø —Ç–∞–∫ —Ä–æ–∑—É–º—ñ—é —Ü–µ –ø—Ä–æ–±–ª–µ–º–∞ —É vtx","—â–æ –∑–Ω–∞—á–∏—Ç—å ""–ø–æ —Ñ–∞–∫—Ç—É""? –®–æ–ª–æ–º –∑–Ω–∞—Ö–æ–¥–∏—Ç—å –∫–∞—Ä—Ç–∏–Ω–∫—É –Ω–∞ B5, —Ö–æ—á–∞ –≤ VTX –≤–∏—Å—Ç–∞–ª–µ–Ω–æ R1?
–ê –Ω–∞ R1 —î –∫–∞—Ä—Ç–∏–Ω–∫–∞?

–¶–µ –Ω–µ –ø—Ä–æ–±–ª–µ–º–∞ VTX. –ü—Ä–æ—Å—Ç–æ —á–∞—Å—Ç–æ—Ç–∏ —Ç–∞–º –¥—É–∂–µ –±–ª–∏–∑—å–∫–æ —ñ –∫–∞—Ä—Ç–∏–Ω–∫–∞ –ª–æ–≤–∏—Ç—å—Å—è —à–æ–ª–æ–º–æ–º —ñ –Ω–∞ R1 —ñ –Ω–∞ B5."
"–ü—ñ–¥–∫–∞–∂—ñ—Ç—å –∞ —è–∫ –∑–∞–≥–∏–Ω–∞—Ç–∏ –Ω—ñ–∂–∫–∏ –Ω–∞ –∫–æ–Ω–¥–µ–Ω—Å–∞—Ç–æ—Ä—ñ, —è–∫—â–æ –≤ –º–µ–Ω–µ –∫–æ–Ω–¥–µ–Ω—Å–∞—Ç–æ—Ä –±—É–¥–µ –ø—ñ–¥ –∫—É—Ç–æ–º —è–∫ –Ω–∞ —Ñ–æ—Ç–æ? –Ø–∫—â–æ –æ—Ä—ñ—î–Ω—Ç—É–≤–∞—Ç–∏—Å—å –ø–æ –∫—É—Ä—Å—É —Ç–æ —Ç–∞–º –∞–≤—Ç–æ—Ä —Ç—Ä–æ—Ö–∏ –ø–æ–≤—ñ–¥–≥–∏–Ω–∞–≤ —ó—Ö —É —Å—Ç–æ—Ä–æ–Ω–∏, –∞–ª–µ –Ω—å–æ–≥–æ –∫–æ–Ω–¥–µ–Ω—Å–∞—Ç–æ—Ä —Å—Ç–æ—è–≤ –ø—Ä—è–º–æ. –Ø–∫—â–æ –∂ –º–µ–Ω—ñ –≤—ñ–¥–≥–∏–Ω–∞—Ç–∏ —Ç–æ –¥–µ—Å—å —Ç–∞–∫ –º–∞—î –±—É—Ç–∏ —è–∫ –Ω–∞ –¥—Ä—É–≥–æ–º—É —Ñ–æ—Ç–æ? –ß–∏ –≤—Å—Ç–∞–≤–ª—è—Ç–∏ —É –¥—ñ—Ä–∫–∏ —â–æ –Ω–∞ –¥—ñ–ª—è–Ω–∫–∞—Ö —Å–∏–ª–æ–≤–∏—Ö —è–∫ –Ω–∞ —Ç—Ä–µ—Ç—å–º—É —Ñ–æ—Ç–æ?","–ö–æ–ª–∏ –ø–æ –¥—ñ–∞–≥–æ–Ω–∞–ª—ñ —Å—Ç–∞–≤–∏—à –∫–æ–Ω–¥–µ–Ω—Å–∞—Ç–æ—Ä, —Ç–æ –∑–≤—ñ—Å–Ω–æ –Ω—ñ–∂–∫–∏ –≤–∏—Ö–æ–¥—è—Ç—å —Ä—ñ–∑–Ω–æ—ó –¥–æ–≤–∂–∏–Ω–∏, –ø—Ä–æ—Å—Ç–æ –Ω–∞–º–∞–≥–∞–π—Ç–µ—Å—å —è–∫–æ–º–æ–≥–∞ –±–ª–∏–∂—á–µ –π–æ–≥–æ –ø—ñ–¥–≤–æ–¥–∏—Ç–∏, —â–æ–± –∫–æ—Ä–æ—Ç—à–µ –Ω—ñ–∂–∫–∏ –±—É–ª–∏. –Ø–∫—â–æ —Ç–µ—Ä–º–æ—É—Å–∞–¥–∫–∞ –ø–æ–≤–Ω—ñ—Å—Ç—é –Ω–µ –∑–∞–∫—Ä–∏–≤–∞—î, –ø–æ—Ç—ñ–º –∫–æ–ª–∏ –±—É–¥–µ—Ç–µ –ª–∞–∫—É–≤–∞—Ç–∏, —Ç–æ –ø—Ä–æ–ª–∞–∫—É—î—Ç–µ —ñ —Ü—é —á–∞—Å—Ç–∏–Ω—É –Ω—ñ–∂–æ–∫."
"–î–æ–±—Ä–∏–π –¥–µ–Ω—å!
–ë—ñ–ª—å—à –¥–æ—Å–≤—ñ–¥—á–µ–Ω—ñ –∫–æ–ª–µ–≥–∏, –ø—ñ–¥–∫–∞–∂—ñ—Ç—å!
–ù–∞ —Ñ—ñ–Ω–∞–ª—å–Ω–æ–º—É –µ—Ç–∞–ø—ñ –ø—ñ—Å–ª—è –ø–∞–π–∫–∏ —Ç–∞ –ø—ñ–¥–∫–ª—é—á–µ–Ω—è –Ω–µ –≥–æ—Ä—è—Ç—å –¥—ñ–æ–¥–∏ —è–∫ –≤ –Ω–∞–≤—á–∞–ª—å–Ω–æ–º—É –≤—ñ–¥–µ–æ.–ê–ª–µ —Å–º–æ–∫–µ—Ä –ø–æ–º–∏–ª–æ–∫ –Ω–µ –ø–æ–∫–∞–∑—É—î(–∑–µ–ª–µ–Ω–∏–º –º–æ—Ä–≥–∞—î).
–¶–µ —â–æ—Å—å –Ω–µ —Ç–∞–∫? –ß–∏ —Ç–∞–∫–µ –º–æ–∂–ª–∏–≤–æ",—è –± —Ä–µ–∫–æ–º–µ–Ω–¥—É–≤–∞–≤ –≤–∑—è—Ç–∏ —Ç–µ—Å—Ç–µ—Ä —ñ –ø—Ä–æ–¥–∑–≤–æ–Ω–∏—Ç–∏ –≤—Å—ñ –ø–∞–π–∫–∏ –Ω–∞ —Å—É—Å—ñ–¥–Ω—ñ—Ö –Ω–æ–≥–∞—Ö. —ñ –ø–æ–º—ñ—Ä—è—Ç–∏ —â–æ –Ω–∞ –ø—ñ–Ω–∞—Ö –∂–∏–≤–ª–µ–Ω–Ω—è
"–î–æ–ø–æ–º–æ–∂—ñ—Ç—å –±—É–¥—å –ª–∞—Å–∫–∞, –ø–æ—á–∞–≤ –≤—á–∏—Ç–∏—Å—å –ø–∞—è—Ç–∏, –º–∞–∂—É —Ñ–ª—é—Å–æ–º, –ø—ñ–¥–Ω–æ—à—É –ø–∞—è–ª—å–Ω–∏–∫ –∑ –ø—Ä–∏–ø–æ—î–º –¥–æ –ø–ª–∞—Ç–∏, –∞ –ø—Ä–∏–ø—ñ–π —Ñ–æ—Ä–º—É—î—Ç—å—Å—è –≤ –∫—Ä–∞–ø–ª—ñ , —ñ –∑—Ç—ñ–∫–∞—î –∑ –ø–ª–∞—Ç–∏, –Ω–µ –ª–∏–ø–Ω–µ –≤–∑–∞–≥–∞–ª—ñ , —â–æ —è –Ω–µ —Ç–∞–∫ —Ä–æ–±–ª—é?",C–ø—Ä–æ–±—É–π—Ç–µ –∑–∞–º—ñ–Ω–∏—Ç–∏ —Ñ–ª—é—Å
"–í—Å—ñ–º –ø—Ä–∏–≤—ñ—Ç, —Ü–µ –º–æ—è –ø–µ—Ä—à–∞ –ø–∞–π–∫–∞ (–≤–∑–∞–≥–∞–ª—ñ), —ñ –≤ –º–µ–Ω–µ —Ç—Ä—ñ—à–∫–∏ –≤–∏–Ω–∏–∫–ª–æ —Ä–æ–æ–∑–ø–æ—Ä–æ–∑—É–º—ñ–Ω–Ω—è –≤ –º–∞—Ä–∫—É–≤–∞–Ω–Ω—ñ –º—ñ–∂  –ø–ª–∞—Ç–æ—é –∫–æ–Ω—Ç—Ä–æ–ª–µ—Ä–∞ speedybee —Ç–∞ –≤—ñ–¥–µ–æ–ø–µ—Ä–µ–¥–∞–≤–∞—á–µ–º rushfpv maxsolo. –Ø–∫—ñ –∫–æ–Ω—Ç–∞–∫—Ç–∏ –∫—É–¥–∏ –∑–∞–ø–∞—è—Ç–∏? –ë–æ –≤ –≤—ñ–¥–µ–æ—É—Ä–æ—Ü—ñ —ñ–Ω—à–µ –º–∞—Ä–∫—É–≤–∞–Ω–Ω—è.","9v - —á–µ—Ä–≤–æ–Ω–∏–π
G - —á–æ—Ä–Ω–∏–π
VTX - –∂–æ–≤—Ç–∏–π
T1 - —Å–∏–Ω—ñ–π"
–ß–∏ –ø–æ—Ç—Ä—ñ–±–Ω–æ –ø–µ—Ä–µ—Ä–æ–±–ª—é–≤–∞—Ç–∏ —è–∫—â–æ –ø–æ–≤–µ—Ä—Ö –¥–∑–µ—Ä–∫–∞–ª—å–Ω–æ –∫—Ä–∞–ø–ª–∏–Ω–∏ —Ñ–ª—é—Å –∑ –ø—Ä–∏–ø–æ—é –∑–∞–ª–∏—à–∏–≤—Å—è? –Ø –¥—É–º–∞—é –≤–æ–Ω–æ –∑–º–∏—î—Ç—å—Å—è —ñ–∑–æ–ø—Ä–æ–ø–∏–ª–æ–≤–∏–º —Å–ø–∏—Ä—Ç–æ–º?,"–¢–∞–∫, —Ñ–ª—é—Å —Å–ø–∏—Ä—Ç–æ–º –ª–µ–≥–∫–æ –∑–º–∏–≤–∞—î—Ç—å—Å—è"
"–ù–ï –ú–û–ñ–£ –ó–ú–Ü–ù–ò–¢–ò –Ω–∞ VTX (IRC Tramp).
–ü—ñ—Å–ª—è –∑–±–µ—Ä–µ–∂–µ–Ω–Ω—è –ø–æ—Å—Ç—ñ–π–Ω–æ –∑–±–µ—Ä—ñ–≥–∞—î—Ç—å—Å—è –æ—Å—å —Ü—è —Ö—Ä–µ–Ω—å. –î–æ–ø–æ–º–æ–∂—ñ—Ç—å –≤–∏–ø—Ä–∞–≤–∏—Ç–∏ —Ü–µ –Ω–∞–ª–∞—à—Ç—É–≤–∞–Ω–Ω—è –Ω–∞ VTX (IRC Tramp). –ë—É–¥—å –ª–∞—Å–∫–∞.",–ü–æ—Ç—Ä—ñ–±–Ω–æ –∑–Ω—è—Ç–∏ –≥–∞–ª–æ—á–∫—É uart1 - msp. –Ü –ø–æ—Ç—ñ–º –≤–∏–±—Ä–∞—Ç–∏ irc tramp.
"–ü—ñ–¥–∫–∞–∂—ñ—Ç—å —á–æ–º—É –∑–∞ –∂–∞–ª–æ–º –ø—Ä–∏–ø—ñ–π —Ç—è–≥–Ω–µ—Ç—å—Å—è. –§–ª—é—Å –¥–æ–¥–∞—é, –∫–æ–Ω—Ç–∞–∫—Ç —Ä–æ–∑—ñ–≥—Ä—ñ–≤–∞—é.",–ú–æ–∂–ª–∏–≤–æ –∑–∞–Ω–∞–¥—Ç–æ –ø–æ–≤—ñ–ª—å–Ω–æ –ø–∞—è–ª—å–Ω–∏–∫ –ø—Ä–∏–±–∏—Ä–∞—î—Ç–µ. 
"–ë–∞–∂–∞—é –∑–¥–æ—Ä–æ–≤'—è! –ú–∞—é –ø—Ä–æ–±–ª–µ–º—É –ø—Ä–∏ –ø–µ—Ä–µ–≤—ñ—Ä—Ü—ñ —Å–º–æ—É–∫—Å—Ç–æ–ø–µ—Ä–æ–º (–Ω–∞ –≤—ñ–¥–µ–æ). –ü–µ—Ä–µ–≤—ñ—Ä—è–≤ –Ω–∞ 1–ê.  –ß–∏ —î —É –∫–æ–≥–æ—Å—å —è–∫—ñ—Å—å –ø–æ—Ä–∞–¥–∏? –¶–µ –ö–ó —á–∏ —â–æ—Å—å —ñ–Ω—à–µ?
–ü–∞–π–∫—É —ñ —à–ª–µ–π—Ñ–∏ –ø–µ—Ä–µ–≤—ñ—Ä–∏–≤, –≤—Å–µ –Ω–∞ —Å–≤–æ—ó—Ö –º—ñ—Å—Ü—è—Ö.","–ù–∞ 2–ê –≤—Å–µ –ø—Ä–∞—Ü—é—î, –≤—ñ–¥–±—ñ–π —Ç—Ä–∏–≤–æ–≥–∏)))
–Ñ –ø—ñ–¥–æ–∑—Ä–∞ —â–æ —Å—Ç—Ä—É–º—É –Ω–µ –≤–∏—Å—Ç–∞—á–∞—î –±–æ –∑–∞—Ä—è–¥ –±–∞—Ç–∞—Ä–µ—ó –Ω–∏–∑—å–∫–∏–π."
"–ü—Ä–∏–≤—ñ—Ç –∫–æ–ª–µ–≥–∏
–ú–∞—é –ø—Ä–æ–±–ª–µ–º–∏ –∑ –∫–æ–Ω–µ–∫—Ç–æ–º –¥–æ –ø–æ–ª—å–æ—Ç–Ω–æ–≥–æ –∫–æ–Ω—Ç—Ä–æ–ª–ª–µ—Ä–∞ (—Å—É–¥—è—á–∏ –∑ –≤—ñ–¥—Å—É—Ç–Ω–æ—Å—Ç—ñ 2—Ö –æ—Å—Ç–∞–Ω–Ω—ñ—Ö –∑–≤—É–∫–æ–≤–∏—Ö —Å–∏–≥–Ω–∞–ª—ñ–≤).  –ü–∞–π–∫–∞ –Ω–∞—á–µ –Ω–æ—Ä–º.
–ü—ñ–¥–∫–∞–∂—ñ—Ç—å —â–æ –º–æ–∂–µ –±—É—Ç–∏ –Ω–µ —Ç–∞–∫, –∫—É–¥–∏ –¥–∏–≤–∏—Ç–∏—Å—å? –ó–∞–≤—á–∞—Å–Ω–æ –¥—è–∫—É—é.",–ù—É —è–∫—â–æ –¥–æ –∫–æ–Ω—Ç—Ä–æ–ª–ª–µ—Ä–∞ —Ç–æ —à–ª–µ–π—Ñ. –ü–µ—Ä–µ–≤—ñ—Ä—Ç–µ —á–∏ –¥–æ –∫—ñ–Ω—Ü—è –≤—Å—Ç–∞–≤–ª–µ–Ω–∏–π —ñ –ø—ñ–Ω–∏ –Ω–µ –∑–∞–≥–Ω—É—Ç—ñ
"–î–æ–±—Ä–∏–π –≤–µ—á—ñ—Ä, –∞ —á–∏–º –∫—Ä—ñ–ø–∏—Ç–∏—Å—è –∑–º—ñ—ó–Ω–∞ —à–∫—ñ—Ä–∞? –Ü–∑–æ–ª–µ–Ω—Ç–æ—é —á–∏ —Ç–µ—Ä–º–æ—É—Å–∞–¥–∫–æ—é?",–Ü —Ç–∞–∫ —ñ —Ç–∞–∫ –º–æ–∂–Ω–∞. –¢–µ—Ä–º–æ—É—Å–∞–¥–∫–æ—é - –Ω–∞–¥—ñ–π–Ω—ñ—à–µ.
"–î–æ–±—Ä–∏–π –¥–µ–Ω—å, –∞ —î –∑–Ω–∞—á–µ–Ω–Ω—è —Å–ø–µ—Ä–µ–¥—É —á–∏ –∑–∑–∞–¥—É –±—É–¥—É—Ç—å –∞–Ω—Ç–µ–Ω–∏ —Ä–∞–¥—ñ–æ–ø—Ä–∏–π–º–∞—á–∞?",–°–ø–µ—Ä–µ–¥—É –º–æ–∂—É—Ç—å –±—É—Ç–∏ –≤—É—Å–∏ –¥–ª—è —ñ–Ω—ñ—Ü—ñ–∞–ª—ñ–∑–∞—Ü—ñ—ó. –ö—Ä–∞—â–µ –ø–æ–∑–∞–¥—É.
"–í—ñ—Ç–∞—é, —Å–ø—ñ–ª—å–Ω–æ—Ç–æ! –ù–∞–º–∞–≥–∞—é—Å—è –ø—Ä–∏–ø–∞—è—Ç–∏ —Å–∏–ª–æ–≤—ñ —ñ –∫–æ–Ω–¥–µ–Ω—Å–∞—Ç–æ—Ä, –∞–ª–µ VTX, —Ç–∏–ø–æ–≤–∞ –ø—Ä–æ–±–ª–µ–º–∞, –∑–∞–π–º–∞—î —É—Å–µ –º—ñ—Å—Ü–µ. –ú–æ–∂–ª–∏–≤–æ, —Ö—Ç–æ—Å—å –º–∞–≤ —Å–ø—Ä–∞–≤—É –∑ —Ü–∏–º VTX —ñ –º–æ–∂–µ —â–æ—Å—å –ø–æ—Ä–∞–¥–∏—Ç–∏?
–î—Ä—É–≥ —Ä–µ–∫–æ–º–µ–Ω–¥—É–≤–∞–≤ —Ç—Ä–æ—Ö–∏ –æ–ø—É—Å—Ç–∏—Ç–∏ VTX —ñ —á–µ—Ä–µ–∑ –±–æ–∫–∏ –≤–∏–≤–µ—Å—Ç–∏ —Å–∏–ª–æ–≤—ñ (–Ω–∏–∑–æ–º –∫–∞–∂–µ, —â–æ –ø–æ–≥–∞–Ω–æ, –±–æ –Ω–∞ —à–ª—è—Ö—É —Å–∏–ª–æ–≤–∏—Ö —É—Ç–≤–æ—Ä–∏—Ç—å—Å—è –∫—ñ–ª—å–∫–∞ –∫–∞—Ä–±–æ–Ω–æ–≤–∏—Ö –∫—É—Ç–∏–∫—ñ–≤ —è–∫ –ø—Ä–æ–≤–æ–¥—è—Ç—å —Å—Ç—Ä—É–º - –æ–¥–∏–Ω –Ω–µ–æ–±–µ—Ä–µ–∂–Ω–∏–π —É–¥–∞—Ä —ñ —Ç–æ –≤—Å–µ –≥–æ—Ä–∏—Ç—å). –ê —è–∫ –∑ –∫–æ–Ω–¥–µ—Å–∞—Ç–æ—Ä–æ–º —Ç–æ–¥—ñ? —É –º–µ–Ω–µ —Ç—Ä–æ—Ö–∏ –∫–æ—Ä–æ—Ç–∫—ñ —Ç–∞–º –Ω—ñ–∂–∫–∏, —ó—Ö –º–æ–∂–Ω–∞ —è–∫–æ—Å—å –¥–æ–ø–∞—è—Ç–∏?
–î—è–∫—É—é üôá","–û–±—Ä—ñ–∑–∞—î—Ç–µ –Ω—ñ–∂–∫–∏ –∫–æ–Ω–¥–µ–Ω—Å–∞—Ç–æ—Ä–∞ –¥–æ 5-7 –º–º
–ü—ñ–¥–ø–∞—é—î—Ç–µ —Ç—É–¥–∏ –∑–∞–ª–∏—à–∫–∏ (–æ–±—Ä—ñ–∑–∫–∏) –¥—Ä–æ—Ç—ñ–≤ –≤—ñ–¥ –º–æ—Ç–æ—Ä—ñ–≤
–ù–∞–¥—è–≥–∞—î—Ç–µ —Ç–µ—Ä–º–æ—É—Å–∞–¥–∫—É –Ω–∞ –º—ñ—Å—Ü–µ –ø—ñ–¥–ø–∞–π–∫–∏
–î–∞–ª—ñ —Ä–æ–∑–º—ñ—â—É—î—Ç–µ –∫–æ–Ω–¥–µ–Ω—Å–∞—Ç–æ—Ä —è–∫ –∑—Ä—É—á–Ω–æ
–û–±—Ä—ñ–∑–∞—î—Ç–µ –∑–∞–ª–∏—à–∫–∏ –¥—Ä–æ—Ç—ñ–≤ –ø–æ –º—ñ—Å—Ç—É —ñ –ø—ñ–¥–ø–∞—é—î—Ç–µ –¥–æ ESC"
"–û, –¥—Ä–æ—Ç–∏ –≤—ñ–¥ –º–æ—Ç–æ—Ä—ñ–≤) –¥—è–∫—É—é!
–ê —á–æ–º—É —Å–∞–º–µ 5-7–º–º? –£ –º–µ–Ω–µ —î —â–µ —Ç–µ—Ä–º–æ—É—Å–∞–¥–∫–∞, —è–∫—â–æ —â–æ","–¢–æ–Ω–∫—ñ –Ω—ñ–∂–∫–∏ –∫–æ–Ω–¥–µ–Ω—Å–∞—Ç–æ—Ä–∞, —Ü–µ –≤—É–∑—å–∫–µ –º—ñ—Å—Ü–µ - –±–æ —Å–∞–º–µ –≤–æ–Ω–∏ –º–æ–∂—É—Ç—å –ø–µ—Ä–µ–≥–æ—Ä—ñ—Ç–∏. –í–∏ —ó—Ö –∑–∞–º—ñ–Ω—è—î—Ç–µ –Ω–∞ –±—ñ–ª—å—à —Ç–æ–≤—Å—Ç—ñ –¥—Ä–æ—Ç–∏. 
5-7 –º–º –¥–æ—Å—Ç–∞—Ç–Ω—å–æ —â–æ –ø—Ä–∏–ø–∞—è—Ç–∏."
"–ü—ñ–¥—Å–∫–∞–∂—ñ—Ç—å –±—É–¥—å –ª–∞—Å–∫–∞ —è–∫–∏–π –ø–æ–≤–∏–Ω–µ–Ω –±—É—Ç–∏ –æ–ø—ñ—Ä –≤—ñ–¥–µ–æ –∞–Ω—Ç–µ–Ω–∏ 5.8G Rush Cherry RHCP SMA 160–º–º? –î–µ—Å—å –±—ñ–ª—è 50 –û–º? –í –º–µ–Ω–µ —è–∫—ñ—Å—å –º–µ–≥–∞–æ–º–∏, –º–æ–∂–µ –±—É—Ç–∏ –ø—Ä–∏—á–∏–Ω–æ—é –ø–µ—Ä–µ–≥–æ—Ä–∞–Ω–Ω—è –ø–µ—Ä–µ–¥–∞–≤–∞—á–∞.","–í–∏ –Ω–µ –º–æ–∂–µ—Ç–µ –≤–∏–º—ñ—Ä—è—Ç–∏ —Ö–≤–∏–ª—å–æ–≤–∏–π –æ–ø—ñ—Ä –∞–Ω—Ç–µ–Ω–∏ –∑–≤–∏—á–∞–π–Ω–∏–º —Ç–µ—Å—Ç–µ—Ä–æ–º. –î–ª—è —Ü—å–æ–≥–æ –ø–æ—Ç—Ä—ñ–±–Ω–æ –º–∞—Ç–∏ –≤–µ–∫—Ç–æ—Ä–Ω–∏–π –∞–Ω–∞–ª—ñ–∑–∞—Ç–æ—Ä, –Ω–∞–ø—Ä–∏–∫–ª–∞–¥, LiteVNA 64.

–ê–Ω—Ç–µ–Ω–∏ Rush Cherry –¥–æ–≤–æ–ª—ñ —è–∫—ñ—Å–Ω—ñ. –ú–∞–ª–æ–π–º–æ–≤—ñ—Ä–Ω–æ, —â–æ —Ç–∞–∫–∞ –∞–Ω—Ç–µ–Ω–∞ –±–µ–∑ –æ–∑–Ω–∞–∫ –º–µ—Ö–∞–Ω—ñ—á–Ω–æ–≥–æ –ø–æ—à–∫–æ–¥–∂–µ–Ω–Ω—è —Å—Ç–∞–ª–∞ –ø—Ä–∏—á–∏–Ω–æ—é –≤–∏—Ö–æ–¥—É –∑ –ª–∞–¥—É –ø–µ—Ä–µ–¥–∞–≤–∞—á–∞.

–ë—ñ–ª—å—à —ñ–º–æ–≤—ñ—Ä–Ω–æ, —â–æ –ø—Ä–∏—á–∏–Ω–æ—é —Å—Ç–∞–≤ –ø—ñ–≥—Ç–µ–π–ª, –æ—Å–æ–±–ª–∏–≤–æ —è–∫—â–æ –ø—ñ–¥ —á–∞—Å –π–æ–≥–æ –º–æ–Ω—Ç–∞–∂—É –≤—ñ–Ω –±—É–≤ –∑–∞–Ω–∞–¥—Ç–æ –∑—ñ–≥–Ω—É—Ç–∏–π —É –º—ñ—Å—Ç—ñ –∫–æ–Ω—Ç–∞–∫—Ç—É –∫–∞–±–µ–ª—è —Ç–∞ —Ä–æ–∑'—î–º—É. –í —Ü—å–æ–º—É –≤–∏–ø–∞–¥–∫—É –ø–µ—Ä–µ–≥—Ä—ñ–≤–∞—î—Ç—å—Å—è —Ç–∞ –ø–æ—à–∫–æ–¥–∂—É—î—Ç—å—Å—è –≤–∏—Ö—ñ–¥–Ω–∏–π –∫–∞—Å–∫–∞–¥ –ø–µ—Ä–µ–¥–∞–≤–∞—á–∞. –ü–µ—Ä–µ–¥–∞–≤–∞—á –ø–æ–¥–∞–≤–∞—Ç–∏–º–µ –æ–∑–Ω–∞–∫–∏ –∂–∏—Ç—Ç—è, –≤–º–∏–∫–∞—Ç–∏–º–µ —Å–≤—ñ—Ç–ª–æ–≤—É —ñ–Ω–¥–∏–∫–∞—Ü—ñ—é, –ø—Ä–∞—Ü—é–≤–∞—Ç–∏–º–µ –≤–µ–Ω—Ç–∏–ª—è—Ç–æ—Ä, –∞–ª–µ —Å–∏–≥–Ω–∞–ª –±—É–¥–µ —Å–ª–∞–±–∫–∏–π. 

–¢–∞–∫–æ–∂ –∑—É—Å—Ç—Ä—ñ—á–∞—î—Ç—å—Å—è —Å–∏—Ç—É–∞—Ü—ñ—è, –∫–æ–ª–∏ –∂–∏–≤–ª–µ–Ω–Ω—è –ø–µ—Ä–µ–¥–∞–≤–∞—á–∞ –ø–æ–¥–∞—é—Ç—å –Ω–∞ –∫–æ–Ω—Ç–∞–∫—Ç–∏ –ø–µ—Ä–µ–¥–∞–≤–∞—á–∞, –ø—Ä–∏–∑–Ω–∞—á–µ–Ω—ñ –¥–ª—è –∂–∏–≤–ª–µ–Ω–Ω—è –∫–∞–º–µ—Ä–∏. –í —Ü—å–æ–º—É –≤–∏–ø–∞–¥–∫—É –∑–≥–æ—Ä–∞—é—Ç—å –ª–∞–Ω—Ü—é–≥–∏ –∂–∏–≤–ª–µ–Ω–Ω—è –ø–µ—Ä–µ–¥–∞–≤–∞—á–∞, —ñ –≤—ñ–Ω –Ω–µ –ø–æ–¥–∞—î –æ–∑–Ω–∞–∫ –∂–∏—Ç—Ç—è."
"–ö–æ–ª–µ–≥–∏ –∑–±–∏—Ä–∞–ª—å–Ω–∏–∫–∏, –ø—ñ–¥–∫–∞–∂—ñ—Ç—å: –ø–æ–ª—å–æ—Ç–Ω–∏–π –∫–æ–Ω—Ç—Ä–æ–ª–µ—Ä —Ç—ñ–ª—å–∫–∏ —É–∂–µ —Ä–æ–∑–ø–∞—è–Ω–∏–π –ø–µ—Ä–µ–≤—ñ—Ä—è—î—Ç—å—Å—è –Ω–∞ —Å–ø—Ä–∞–≤–Ω—ñ—Å—Ç—å? 
–ß–∏ –º–æ–∂–Ω–∞ –π–æ–≥–æ –¥–æ —Ä–æ–∑–ø–∞–π–∫–∏ –ø–µ—Ä–µ–≤—ñ—Ä–∏—Ç–∏ —è–∫–æ—Å—å?",–í –∑–∞–ª–µ–∂–Ω–æ—Å—Ç—ñ –≤—ñ–¥  –Ω–µ—Å–ø—Ä–∞–≤–Ω–æ—Å—Ç—ñ. –Ø–∫—â–æ –ø—Ä–æ—Ü –∂–∏–≤–∏–π —ñ USB –Ω–µ –ø–æ—à–∫–æ–¥–∂–µ–Ω–µ  - —â–æ—Å—å –≤—ñ–¥–æ–±—Ä–∞–∑–∏—Ç—å—Å—è
"–í—ñ—Ç–∞—é! –ü—ñ–¥ —á–∞—Å –ø–µ—Ä–µ–≤—ñ—Ä–∫–∏ –∑–±—ñ—Ä–∫–∏ —É Betaflight Configurator –Ω–∞ VTX –ø–æ–∫–∞–∑—É—î Device Ready False.

–ü–ö: speedybee
VTX: Geprc Rad

–ü—ñ–¥ —á–∞—Å –ø—ñ–¥–∫–ª—é—á–µ–Ω–Ω—è –≤—Å—ñ –∑–≤—É–∫–∏ –ø—Ä–æ–≥—Ä–∞—é—Ç—å—Å—è, –ª–µ–¥ —Å–≤—ñ—Ç—è—Ç—å—Å—è, –º–æ—Ç–æ—Ä–∏ –∫—Ä—É—Ç—è—Ç—å—Å—è, vtx –Ω–∞–≥—Ä—ñ–≤–∞—î—Ç—å—Å—è, –∞–Ω—Ç–µ–Ω–∞ –ø—ñ–¥–∫–ª—é—á–µ–Ω–∞, –≤—Å—ñ –ø—ñ–Ω–∏ –Ω–∞—á–µ –≤—ñ—Ä–Ω–æ –ø—ñ–¥–∫–ª—é—á–µ–Ω—ñ.

–Ø–∫ –º–æ–∂–Ω–∞ –¥—ñ–∞–≥–Ω–æ—Å—Ç—É–≤–∞—Ç–∏ –ø—Ä–æ–±–ª–µ–º—É? –ü–æ—Ç—Ä—ñ–±–µ–Ω –µ–∫—Ä–∞–Ω –∞–±–æ –æ–∫—É–ª—è—Ä–∏?","–ü–µ—Ä–µ–≤—ñ—Ä—Ç–µ –ø—Ä–∞–≤–∏–ª—å–Ω—ñ—Å—Ç—å –ø–æ–¥–∞—á—ñ –∂–∏–≤–ª–µ–Ω–Ω—è –Ω–∞ –ø–µ—Ä–µ–¥–∞–≤–∞—á. –ß–µ—Ä–≤–æ–Ω–∏–π —Ç–∞ —á–æ—Ä–Ω–∏–π –¥—Ä–æ—Ç–∏ –º–∞—é—Ç—å —ñ—Ç–∏ –Ω–∞ –∫–æ–Ω—Ç–∞–∫—Ç–∏ —Ä–æ–∑'—î–º—É DC7-36 —Ç–∞ GND, –∞ –Ω–µ –Ω–∞ —Ä–æ–∑—Ç–∞—à–æ–≤–∞–Ω—ñ –∑ –ø—Ä–æ—Ç–∏–ª–µ–∂–Ω–æ–≥–æ –±–æ–∫—É 5V OUT —Ç–∞ GND."
"–ê –≤ –º–µ–Ω–µ —Ç–∞–∫–µ –ø–∏—Ç–∞–Ω–Ω—è: —á–æ–º—É –º–æ–∂–µ –Ω–µ –ø—Ä–∞—Ü—é–≤–∞—Ç–∏ –Ω–∞–µ–∫—Ä–∞–Ω–Ω–µ –º–µ–Ω—é (OSD) –Ω–∞ spedybee f405 v4? –ü–∞–π–∫–∞ –Ω–æ—Ä–º–∞–ª—å–Ω–∞, –≤—ñ–¥–µ–æ –ø–µ—Ä–µ–¥–∞—î—Ç—å—Å—è. –û—Å—å —â–æ –Ω–∞–ø–∏—Å–∞–Ω–æ –≤ CLI: resource OSD_CS 1 B12","–£ –º–µ–Ω–µ –±—É–ª–∞ –∫–æ–ª–∏—Å—å —Ç–∞–∫–∞ –ø—Ä–æ–±–ª–µ–º–∞.
–ü–æ—Ç—Ä—ñ–±–Ω–æ –¥–∏–≤–∏—Ç–∏—Å—å - –º–æ–∂–ª–∏–≤–æ –≤ –ø—Ä–µ—Å–µ—Ç—ñ —â–µ —î —è–∫—ñ—Å—å –ø—É–Ω–∫—Ç–∏, —è–∫—ñ –∞–∫—Ç–∏–≤—É—é—Ç—å —Ñ—É–Ω–∫—Ü—ñ—é –∑–∞–ø–∏—Å—É. 
–ß–∏ —è–∫–∏–π—Å—å —Ç—É–º–±–ª–µ—Ä –Ω–∞ –ø—É–ª—å—Ç—ñ –∑–∞–ø—Ä–æ–≥—Ä–∞–º–æ–≤–∞–Ω–∏–π –Ω–∞ –≤–∫–ª—é—á–µ–Ω–Ω—è/–≤—ñ–¥–∫–ª—é—á–µ–Ω–Ω—è –∑–∞–ø–∏—Å—É –Ω–∞ –∫–∞—Ä—Ç—É.

–ù–∞–π–≥—ñ—Ä—à–∏–π –≤–∞—Ä—ñ–∞–Ω—Ç - —Ü–µ —è–∫—â–æ –ø—Ä–∏–ø—ñ–π –ø–æ–ø–∞–≤ –Ω–∞ –º—ñ–∫—Ä–æ—Å—Ö–µ–º—É OSD –Ω–∞ FC."
"–ö–æ–ª–µ–≥–∏ –ø–æ—Ç—Ä—ñ–±–Ω–∞ –ø–æ—Ä–∞–¥–∞
–ü—ñ—Å–ª—è –ø–∞–π–∫–∏ –ø–æ–º—ñ—Ç–∏–≤ —â–æ –Ω–∞ –æ–±–º–æ—Ç—Ü—ñ –¥–≤–∏–≥—É–Ω–∞ –∫–∞–ø–Ω—É–≤ –ø—Ä–∏–ø—ñ–π
–©–µ –Ω–∞ –∑–∞–ø—É—Å–∫–∞–≤ –∞–ª–µ –¥—É–º–∞—é —â–æ —Ü–µ –ø—Ä—è–º –∫–æ—Å—è–∫
–ú–æ–∂–µ —î —ñ–¥–µ—ó —è–∫ –π–æ–≥–æ –∑–≤—ñ–¥—Ç–∏ –¥—ñ—Å—Ç–∞—Ç–∏ –±–æ –ø—ñ–Ω—Ü–µ—Ç–æ–º –Ω–µ –¥—ñ—Å—Ç–∞—î—Ç—å—Å—è","–í—ñ–¥–∫—Ä—É—Ç–∏—Ç–∏ –º–æ—Ç–æ—Ä, –≤–∏–≤–µ—Ä–Ω—É—Ç–∏ –∑–Ω–∏–∑—É –≥–≤–∏–Ω—Ç–∏–∫, –∑–Ω—è—Ç–∏ –∫–æ–ª–æ–∫–æ–ª —Ç–∞ –≤–∏—Ç—è–≥–Ω—É—Ç–∏ –æ–∫–∞–ª—ñ–Ω—É. –ë—É–ª–æ —Ç–∞–∫–µ, –∑—Ä–æ–±–∏–≤ —Ç–∞–∫ —è–∫ –Ω–∞–ø–∏—Å–∞–≤‚Ä¶"
"–í—ñ—Ç–∞—é
–û–¥–∏–Ω –∑ –¥–≤–∏–≥—É–Ω—ñ–≤ –ø–æ—á–∞–≤ –≤–∏–¥–∞–≤–∞—Ç–∏ —Ç—Ä—ñ—Å–∫ 
–ì–≤–∏–Ω—Ç–∏ –Ω–µ –¥–æ–≤–≥—ñ, –∑–Ω—è–≤ –∫–æ–ª–æ–∫–æ–ª –ª–∏—à–Ω—ñ—Ö –ø—Ä–µ–¥–º–µ—Ç—ñ–≤ –≤ —Å–µ—Ä–µ–¥–∏–Ω—ñ –Ω–µ–º–∞.
–©–æ —Ü–µ –º–æ–∂–µ –±—É—Ç–∏ —ñ —â–æ –∑ —Ü–∏–º –º–æ–∂–Ω–∞ —Ä–æ–±–∏—Ç–∏?","–Ø –± —Ç–æ—á–Ω–æ –∫–æ–ø–∞–≤ –¥–æ –∫—ñ–Ω—Ü—è, —Å—Ç–∞–≤–∏–≤ –±–∏ —ñ–Ω—à–∏–π –∫–æ–ª–æ–∫–æ–ª —Ç–∞ –ø—Ä–æ–±—É–≤–∞–≤, –∑–Ω–∞–π—à–æ–≤ –±–∏ –≤–∞–ª —Å—Ö–æ–∂–∏–π –ø–æ –¥—ñ–∞–º–µ—Ç—Ä—É —Ç–∞ –≤—Å—Ç–∞–≤–∏–≤ —É –ø—ñ–¥—à–∏–ø–Ω–∏–∫ —Ç–∞ —Ç–µ–∂ –ø—Ä–æ–±—É–≤–∞–≤, –±–æ –≤—Å–µ –æ–¥–Ω–æ –ø—Ä–∏—á–∏–Ω–∞ —è–∫–∞—Å—å –ø–æ–≤–∏–Ω–Ω–∞ –±—É—Ç–∏. –ê –≤–∞—Ä—ñ–∞–Ω—Ç–∏ –≤—Å—å–æ–≥–æ –¥–≤–∞, –∞–±–æ –ø—ñ–¥—à–∏–ø–Ω–∏–∫, –∞–±–æ –∫–æ–ª–æ–∫–æ–ª‚Ä¶"
"–¢–∞ –Ω–∞—á–µ –Ω—ñ
–≤–∂–µ –¥–∏–≤–∏—Å—è –∑ —É—Å—ñ—Ö —Å—Ç–æ—Ä—ñ–Ω
–í–∂–µ –ø—Ä–∏–ø–∞—è–≤ —ñ–Ω—à–∏–π –Ω–∞ –π–æ–≥–æ –º—ñ—Å—Ü–µ
–ê –∑ —Ü–∏–º –±—É–¥—É —â–µ –¥—É–º–∞—Ç–∏ —â–æ —Ä–æ–±–∏—Ç–∏

–ê —è–∫—â–æ —Ü–µ —Å—Ç—Ä—É–∂–∫–∞, —è–∫ —ó—ó –∑–Ω—è—Ç–∏?)","–¢–æ —Å—Ö–æ–∂–µ —Å–ø—Ä–∞–≤–∞ –Ω–µ —É –∫–æ–ª–æ–∫–æ–ª—ñ, –ø–µ—Ä—à—É –ø—Ä–∏—á–∏–Ω—É –º–æ–∂–Ω–æ –≤—ñ–¥–∫–∏–Ω—É—Ç–∏. –û—Å—Ç–∞—î—Ç—å—Å—è –ø—ñ–¥—à–∏–ø–Ω–∏–∫, —â–æ —Ç–µ–∂ —ñ–º–æ–≤—ñ—Ä–Ω–æ. –ú–æ–∂–Ω–∞ –∑–∞–º—ñ—Ä—è—Ç–∏ –≤–∞–ª –Ω–∞ –∫–æ–ª–æ–∫–æ–ª—ñ, –ø—ñ–¥—ñ–±—Ä–∞—Ç–∏ —â–æ—Å—å —Å—Ö–æ–∂–µ, –≤—Å—Ç–∞–≤–∏—Ç–∏ —Ç–∞ –ª–µ–≥–µ–Ω—å–∫–æ –ø–æ–∫—Ä—É—Ç–∏—Ç–∏. –Ø–∫ —â–æ –ø—ñ–¥—à–∏–ø–Ω–∏–∫ –Ω–µ —Å–ø—Ä–∞–≤–Ω–∏–π –≤–æ–Ω–æ –ø–æ–≤–∏–Ω–Ω–æ —è–∫–æ—Å—å –ø—Ä–æ—è–≤–∏—Ç–∏—Å—å, –∞–±–æ —Ö—Ä—É—Å–∫–æ—Ç—ñ—Ç–∏, –∞–±–æ –¥–µ—Å—å –ø—ñ–¥—Ç–æ—Ä–º–∞–∂—É–≤–∞—Ç–∏. –ë–æ —É —ñ–Ω—à–æ–º—É –≤–∏–ø–∞–¥–∫—É —Ö—Ä—É—Å–∫—ñ—Ç –º–æ–∂–µ –¥–∞–≤–∞—Ç–∏ —Ç—ñ–ª—å–∫–∏ —è–∫ —â–æ —â–æ—Å—å —É —Å–µ—Ä–µ–¥–∏–Ω—ñ –∫–æ–ª–æ–∫–æ–ª–∞ —Ç—Ä–æ—Ö–∏ —á—ñ–ø–ª—è—î—Ç—å—Å—è –∑–∞ –æ–±–º–æ—Ç–∫—É –º–æ—Ç–æ—Ä–∞‚Ä¶"
"–î—Ä—É–∑—ñ –∑—ñ—à—Ç–æ–≤—Ö–Ω—É–≤—Å—è –∑ —Ç–∞–∫–æ—é –ø—Ä–æ–±–ª–µ–º–æ—é. –ó—ñ–±—Ä–∞–≤ –î—Ä–æ–Ω –Ω–∞ —Ä–∞–º—ñ One source. 
–ó—ñ–±—Ä–∞–≤ –æ—Å–Ω–æ–≤—É —Ä–∞–º–∏ —ñ –≤–æ–Ω–∞ –ø–æ—Å—Ç–æ—è–ª–∞ —É –º–µ–Ω–µ —è–∫–∏–π—Å—å —á–∞—Å.
–Ø —Å–ø—Ä–æ–±—É–≤–∞–≤ —Ä—É—Ö–∞—Ç–∏ –ø—Ä–æ–º–µ–Ω—ñ –Ω—ñ—á–æ–≥–æ –Ω–µ —Ä—É—Ö–∞–ª–æ—Å—è.
–ü–æ—Ç—ñ–º —Ä–æ–∑–ø–∞—è–≤ —É—Å–µ —ñ –≤–∂–µ —Ö–æ—Ç—ñ–≤ —Å—Ç–∞–≤–∏—Ç–∏ –≤–µ—Ä—Ö–Ω—é –∫—Ä–∏—à–∫—É —ñ —Ç—É—Ç –¥—É–º–∞—é —Å–ø—Ä–æ–±—É—é –ø—Ä–æ–º–µ–Ω—ñ —á–∏ –Ω–µ–º–∞—î –ª—é—Ñ—Ç–∞.
–Ü –±–ª—ñ–Ω –≤—ñ–Ω —î –Ω–∞ –≤—Å—ñ—Ö –ø—Ä–æ–º–µ–Ω—è—Ö.
–°–ø—Ä–æ–±—É–≤–∞–≤ –±–æ–ª—Ç–∏ —Ç—è–≥–Ω—É—Ç—å —ñ –≤–æ–Ω–∏ –±–ª—ñ–Ω —Ç—è–≥–Ω—É—Ç—å—Å—è.
–©–æ –∑–∞ —Ñ—ñ–≥–Ω—è. –Ø –∫–æ–ª–∏ –∑–∞—Ç—è–≥—É–≤–∞–≤ —Ç–æ —Ç–∞–∫, —â–æ –≤–∂–µ —Ä—É–∫–∞ –Ω–µ –∫—Ä—É—Ç–∏–ª–∞ –≤–∏–∫—Ä—É—Ç–∫—É, –¥–≤–æ–º–∞ —Ä—É–∫–∞–º–∏ –±–æ—è–≤—Å—è, —â–æ–± –Ω–µ –ª–∏–∑–Ω—É–ª–æ —Ä—ñ–∑—å–±—É. 
–ù—É –≤ –Ω–∞ —Ñ—ñ–∫—Å–∞—Ç–æ—Ä —Å–∏–Ω—ñ–π —Å–∞–¥–∏–≤ –∞ –≤–æ–Ω–∏ –∫—Ä—É—Ç—è—Ç—å—Å—è.

–Ø —â–æ—Å—å –Ω–µ —Ç–∞–∫ –∑—Ä–æ–±–∏–≤?","–Ø, –∫–æ–ª–∏ –≤—ñ–¥–º–∏–≤–∞–≤ –ø–µ–Ω–∑–ª–∏–∫ –≤—ñ–¥ –ö–û –ª–∞–∫—É (—Ö–∑ —á–∏–º –≤—ñ–Ω —Ä–æ–∑—á–∏–Ω—è—î—Ç—å—Å—è), —Ä–æ–±–∏–≤ —Ç–∞–∫: –ø—Ä–æ–º–∏–≤–∞—é –≤ —ñ–∑–æ–ø—Ä–æ–ø–∞–Ω–æ–ª—ñ, –≤–æ–Ω–æ —á–∞—Å—Ç–∫–æ–≤–æ —Ä–æ–∑—á–∏–Ω—è—î—Ç—å—Å—è, —á–∞—Å—Ç–∫–æ–≤–æ –±–µ—Ä–µ—Ç—å—Å—è –≥—Ä—É–¥–∫–∞–º–∏, —à–≤–∏–¥–µ–Ω—å–∫–æ –≤–∏—Ç–∏—Ä–∞—é —Å–µ—Ä–≤–µ—Ç–∫–æ—é. –ü–µ–Ω–∑–ª–∏–∫ —Ç—Ä–æ—Ö–∏ —Ä–æ–∑—Ç—Ä—ñ–ø–∞–Ω–∏–π, –∞–ª–µ —â–µ –∂–∏–≤–∏–π."
"–ê —è–∫—â–æ —Ä—É—Ö–∞—é—Ç—å—Å—è? –¢—è–≥–Ω—É—Ç—å –Ω–µ –∑–≤–∞–∂–∞—é—á–∏ –Ω–∞ –º–æ–∂–ª–∏–≤—ñ—Å—Ç—å –∑—Ä–∏–≤—É —Ä—ñ–∑—å–±–∏?

–£ –º–µ–Ω–µ —Ç–∞–∫–µ –±—É–ª–æ –∑ —Ä–∞–º–æ—é –ú–∞—Ä–∫4. –†—É—Ö–∞–ª–∏—Å—å –ø—Ä–æ–º–µ–Ω—ñ, –ø–æ—á–∞–≤ —Ç—è–≥–Ω—É—Ç–∏ —Ç–æ –±–æ–ª—Ç –≤—Å–µ—Ä–µ–¥–∏–Ω—ñ –ª–æ–ø–Ω—É–≤.",–ï–ª–µ–º–µ–Ω—Ç–∏ —Ä–∞–º–∏ —Ñ—ñ–∫—Å—É—é—Ç—å—Å—è –∑–∞ —Ä–∞—Ö—É–Ω–æ–∫ –Ω–µ–≤–µ–ª–∏–∫–æ–≥–æ –ø–ª—é—Å–æ–≤–æ–≥–æ –¥–æ–ø—É—Å–∫—É. –Ø–∫—â–æ –π–æ–≥–æ –Ω–µ–º–∞—î - –º–æ–∂–Ω–∞ —Å—Ç–≤–æ—Ä–∏—Ç–∏ - –æ–±–º–æ—Ç–∞—Ç–∏ —Ü–µ–Ω—Ç—Ä–∞–ª—å–Ω–∏–π –µ–ª–µ–º–µ–Ω—Ç —à–∞—Ä–æ–º —Å–∫–ª–æ–≤–æ–ª–æ–∫–Ω–∞ —ñ –ø—Ä–æ–º–∞–∑–∞—Ç–∏ –µ–ø–æ–∫—Å–∏–¥–∫–æ—é.
–Ø—Å–Ω–æ. –ê —Ü–∏–∞–Ω–∞–∫—Ä–∏–ª–∞—Ç –ø—Ä–∏–ª–∏–ø–∞—î –¥–æ –∫–∞—Ä–±–æ–Ω—É? –ú–æ–∂–ª–∏–≤–æ –Ω–∏–º? –ë–æ –∑ —Å–∫–ª–æ–≤–æ–ª–æ–∫–Ω–æ–º —Ç–∞ –µ–ø–æ–∫—Å–∏–¥–∫–æ—é –≤–æ–≤—Ç—É–∑–∏—Ç–∏—Å—å —è–∫–æ—Å—å –∑–∞–≥—Ä–æ–∑–ª–∏–≤–æ –≤–∏–≥–ª—è–¥–∞—î üôÇ,"—Ç–∞–º –Ω–µ —Å–∫—ñ–ª—å–∫–∏ —â–æ–± –ø—Ä–∏–ª–∏–ø–ª–æ, —è–∫ —â–æ–± –≤–æ–ª–æ–≥—É –Ω–µ —Ç—è–≥–Ω—É–ª–æ. –ü–æ–¥—É–º–∞–ª–æ—Å—å, —â–æ –≤ –ø—Ä–∏–Ω—Ü–∏–ø—ñ –º–æ–∂–Ω–∞ —ñ —Ç–æ–≤—Å—Ç—É –∞–ª—é–º—ñ–Ω—ñ—î–≤—É —Ñ–æ–ª—å–≥—É –Ω–∞–º–æ—Ç–∞—Ç–∏. –ë—É–¥—å-—è–∫–∏–π –º–∞—Ç–µ—Ä—ñ–∞–ª, –Ω–µ–≥—ñ–≥—Ä–æ—Å–∫–æ–ø—ñ—á–Ω–∏–π —ñ —Å—Ç—ñ–π–∫–∏–π –¥–æ —Ç–∏—Å–∫—É. –ì–æ–ª–æ–≤–Ω–µ —â–æ–± –≤–æ–Ω–æ –Ω–µ –ø—Ä–æ–¥–∞–≤–∏–ª–æ—Å—å, —Ç–∏—Å–∫ —Ç–∞–º —Å–µ—Ä–π–æ–∑–Ω–∏–π, —è–∫—â–æ –±–æ–ª—Ç –ú3 —Ä–≤–µ—Ç—å—Å—è.
–∞ —Ü—ñ–∞–Ω–æ–∞–∫—Ä–∏–ª–∞—Ç –º–æ–º–µ–Ω—Ç–∞–ª—å–Ω–æ –∑–∞—Å—Ç–∏–≥–Ω–µ, –ø–æ–∫–∏ –≤–∏ –∫—Ä—É—Ç–∏—Ç–∏–º–µ—Ç–µ –≥–∞–π–∫–∏ - –ø–æ—Ç—Ä—ñ—Å–∫–∞—î—Ç—å—Å—è."
"–Ø–∫ —è —Ä–æ–∑—É–º—ñ—é, —Ç–æ vtx, –º–∞–±—É—Ç—å –≤–º–µ—Ä, –±–æ –∞–Ω—ñ –∫—É–ª–µ—Ä –Ω–µ –∫—Ä—É—Ç–∏—Ç—å—Å—è, –∞–Ω—ñ –¥—ñ–æ–¥–∏ –Ω–µ —Å–≤—ñ—Ç—è—Ç—å—Å—è. –ê –æ—Ç —á–∏ –Ω–µ–±–µ–∑–ø–µ—á–Ω–æ –ø—ñ–¥–∫–ª—é—á–∏—Ç–∏ –Ω–æ–≤–∏–π vtx –Ω–∞ —Ü–µ–π —Å–∞–º–∏ –ø–æ–ª—å–æ—Ç–Ω–∏–∫? –ß–∏ –Ω–µ –º–æ–∂–µ —è–∫–æ—Å—å —Ü–µ–π –ø–æ–ª—å–æ—Ç–Ω–∏–∫ –ø–æ—à–∫–æ–¥–∏—Ç–∏ –Ω–æ–≤–∏–π  vtx?","–Ω–∞–≤—Ä—è–¥.
–¥–ª—è –ø–µ—Ä–µ–≤—ñ—Ä–∫–∏ –º–æ–∂–Ω–∞ –≤–∑—è—Ç–∏ —Ä–µ–∑–∏—Å—Ç–æ—Ä 100 –æ–º 1 –≤—Ç —ñ –Ω–∞–≤–∞–Ω—Ç–∞–∂–∏—Ç–∏ –≤–∏—Ö—ñ–¥ –ø–æ–ª—å–æ—Ç–Ω–∏–∫–∞ - –Ω–∞–ø—Ä—É–≥–∞ –ø–æ–≤–∏–Ω–Ω–∞ —Ç—Ä–∏–º–∞—Ç–∏—Å—è 
—Ü–µ —â–æ–± –≤–∏–∫–ª—é—á–∏—Ç–∏ –º–æ–∂–ª–∏–≤—ñ—Å—Ç—å —Ç–æ–≥–æ —â–æ –∑ –∂–∏–≤–ª–µ–Ω–Ω—è–º —â–æ—Å—å –Ω–µ —Ç–æ"
"–í—ñ—Ç–∞—é. –ü–æ—Ä–∞–¥—å—Ç–µ, –±—É–¥—å –ª–∞—Å–∫–∞, —â–æ —Ä–æ–±–∏—Ç–∏, —è–∫—â–æ –æ–¥–Ω–∞ –∑ –≥–∞–π–æ–∫ –Ω–∞ –º–æ—Ç–æ—Ä—ñ –∑—ñ—Ä–≤–∞–ª–∞—Å—å (–≥–≤–∏–Ω—Ç –Ω–µ –∑–∞–∫—Ä—É—á—É—î—Ç—å—Å—è –º—ñ—Ü–Ω–æ)?","–¢–∞–º –ø–æ –º–æ—î–º—É –∞–ª—é–º—ñ–Ω—ñ—î–≤—ñ –≥–∞–π–∫–∏ –ú5 –∑ —Ñ–ª–∞–Ω—Ü–µ–º —ñ –Ω–µ–π–ª–æ–Ω–æ–≤–∏–º –∫—ñ–ª—å—Ü–µ–º. –í–∏ —Ç–∞–∫—É —Å–∞–º—É –Ω–µ –∑–Ω–∞–π–¥–µ—Ç–µ.
–Ø–∫ –≤–∞—Ä—ñ–∞–Ω—Ç –∑–∞–º—ñ–Ω—É –º–æ–∂–Ω–∞ –∫—É–ø–∏—Ç–∏ —Å—Ç–∞–ª—å–Ω—É –≥–∞–π–∫—É –ú5 –∑ —Ñ–ª–∞–Ω—Ü–µ–º —ñ –Ω–µ–π–ª–æ–Ω–æ–≤–∏–º –∫—ñ–ª—å—Ü–µ–º (—Ç–µ–∂ –Ω–µ –¥—É–∂–µ —á–∞—Å—Ç–∏–π –≤–∞—Ä—ñ–∞–Ω—Ç –≤ –º–∞–≥–∞–∑–∏–Ω–∞—Ö –∑ –∫—Ä—ñ–ø–ª–µ–Ω–Ω—è–º).
–ß–∏ –ø—Ä–æ—Å—Ç–æ –≤–∑—è—Ç–∏ —à–∞–π–±—É 5 –º–º —ñ —Å—Ç–∞–ª—å–Ω—É –≥–∞–π–∫—É –ú5 –∑ –Ω–µ–π–ª–æ–Ω–æ–≤–∏–º –∫—ñ–ª—å—Ü–µ–º."
"–í—ñ—Ç–∞—é
–ø—Ä–æ—à–∏–≤–∞–≤ —Ä–∞–¥—ñ–æ–ø—Ä–∏–π–º–∞—á happymodel es900rx
—á–µ—Ä–µ—Ö wifi 
—ñ —Å—Ö–æ–∂–µ —â–æ —Ä–∞–Ω–æ –≤—ñ–¥ º—î–¥–Ω–∞–≤ –∂–∏–≤–ª–µ–Ω–Ω—è —ñ –≤—ñ–Ω –Ω–µ –≤—Å—Ç–∏–≥ –ø–µ—Ä–µ–∑–∞–ø—É—Å—Ç–∏—Ç–∏—Å—å...
–ë–æ —Ç–µ–ø–µ—Ä –≥–æ—Ä–∏—Ç—å –ø–æ—Å—Ç—ñ–π–Ω–æ –∑–µ–ª–µ–Ω–∏–π —ñ–Ω–¥–∏–∫–∞—Ç–æ—Ä, –≤ —Ä–µ–∂–∏–≤ wifi –Ω–µ –ø–µ—Ä–µ—Ö–æ–¥–∏—Ç—å, –ø–æ —à–Ω—É—Ä–∫—É –Ω–µ –ø—Ä–æ—à–∏–≤–∞—î—Ç—å—Å—è.
—Ü–µ –≤–∂–µ –æ—Å—Ç–∞—Ç–æ—á–Ω–æ –∫—ñ—Ä–ø—ñ—á —á–∏ –º–æ–∂–Ω–æ —â–æ—Å—å —â–µ –∑—Ä–æ–±–∏—Ç–∏?","–û–Ω–æ–≤–∏–≤ —á–µ—Ä–µ–∑ Boot –∑–∞–º–∫–Ω—É–≤—à–∏ –∫–æ–Ω—Ç–∞–∫—Ç–∏
"
–î–æ–±—Ä–∏–π –≤–µ—á—ñ—Ä. –ü—ñ–¥–∫–∞–∂—ñ—Ç—å –±—É–¥—å –ª–∞—Å–∫–∞ —Ü–µ–π –ø–æ–¥–≤—ñ–π–Ω–∏–π –ø–µ—Ä–µ–¥–∞–≤–∞—á –ø—ñ–¥–∫–ª—é—á–∞—î—Ç—å—Å—è —Ç–∞–∫ —Å–∞–º–æ —è–∫ —ñ –∑–≤–∏—á–∞–π–Ω–∏–π? –Ü —â–µ –ø–∏—Ç–∞–Ω–Ω—è –∫—É–¥–∏ —Ö—Ç–æ –¥—Ä—É–≥—É –∞–Ω—Ç–µ–Ω—É —Å—Ç–∞–≤–∏–≤?,"–ó–≤–∏—á–Ω–∞ –∫–æ–º–ø–æ–Ω–æ–≤–∫–∞ - –∞–Ω—Ç–µ–Ω–∏ –∑–∑–∞–¥—É, –¥–µ—Ç–æ–Ω–∞—Ç–æ—Ä —Å–ø–µ—Ä–µ–¥—É. –ù–µ –±–∞—á—É –Ω—ñ—è–∫–∏—Ö –ø–µ—Ä–µ–≤–∞–≥ –≤ –Ω–µ–∑–≤–∏—á–Ω—ñ–π –∫–æ–º–ø–æ–Ω–æ–≤—Ü—ñ. –•—ñ–±–∞ —â–æ –ª–∏—à–Ω—ñ–π –Ω–∞–ø—Ä—è–≥ –¥–ª—è —Ç–æ–≥–æ —Ö—Ç–æ –±—É–¥–µ –π–æ–≥–æ –µ–∫—Å–ø–ª—É–∞—Ç—É–≤–∞—Ç–∏."
"–í—ñ—Ç–∞—é. –Ñ Mamba F405 MK2, —É –±–µ—Ç–∫—É –∑–∞—Ö–æ–¥–∏—Ç—å –Ω–æ—Ä–º–∞–ª—å–Ω–æ, –∞ —É DFU –Ω–µ –ø–µ—Ä–µ—Ö–æ–¥–∏—Ç—å (–Ω—ñ —Ñ—ñ–∑–∏—á–Ω–æ, –Ω—ñ –ø—Ä–æ–≥—Ä–∞–º–Ω–æ). RC Fixer –≤–∏–¥–∞—î –ø–æ–º–∏–ª–∫—É. –í–∂–µ –¥–∞–∂–µ –Ω–µ –∑–Ω–∞—é –∫—É–¥–∏ –∫–æ–ø–∞—Ç–∏.","–í—ñ–¥–ø–∞—è–≤ ELRS, –¥–æ–º–æ–≥–ª–æ. –î—è–∫—É—é."
"–ø—Ä–∏–≤—ñ—Ç
–ó–±–∏—Ä–∞—é –¥—Ä–æ–Ω–∞ —è–∫–∏–π –±—É–¥–µ –≤–∏–∫–æ—Ä–∏—Å—Ç–æ–≤—É–≤–∞—Ç–∏—Å—å –¥–ª—è —Ç–µ—Å—Ç—ñ–≤ –†–ï–ë
—Ç–æ–≥–æ —î —Å–ø–µ—Ü–∏—Ñ—ñ—á–Ω—ñ –≤–∏–º–æ–≥–∏ –¥–æ –Ω—å–æ–≥–æ
–ù–∞–ø—Ä–∏–∫–ª–∞–¥, —â–æ–± –¥—Ä–æ–Ω –ø–æ—á–∏–Ω–∞–≤ –Ω–∞–±–∏—Ä–∞—Ç–∏ –≤–∏—Å–æ—Ç—É, –∞–±–∏ –≤–∏–π—Ç–∏ –∑ –∑–æ–Ω–∏ –¥—ñ—ó —Ä–µ–±—É —ñ –≤—ñ–¥–Ω–æ–≤–∏—Ç–∏ –∑–≤'—è–∑–æ–∫. 


–ü—ñ–¥–∫–∞–∂—ñ—Ç—å —è–∫ –ø–æ–¥—ñ–±–Ω–µ –º–æ–∂–Ω–æ —Ä–µ–∞–ª—ñ–∑—É–≤–∞—Ç–∏, —â–æ –¥–ª—è —Ü—å–æ–≥–æ –ø–æ—Ç—Ä—ñ–±–Ω–æ?","–Ø–∫—â–æ –†–ï–ë –Ω–µ –≥–ª—É—à–∏—Ç—å GPS, —Ç–æ –Ω–∞–π–ø—Ä–æ—Å—Ç—ñ—à–µ –º–æ–∂–µ—Ç–µ GPS Resque –≤–∏—Å—Ç–∞–≤–∏—Ç–∏ –Ω–∞ –Ω–∞–±—ñ—Ä –≤–∏—Å–æ—Ç–∏ –ø—ñ—Å–ª—è –≤—Ç—Ä–∞—Ç–∏ –∫–µ—Ä—É–≤–∞–Ω–Ω—è."
"–ø—Ä–∏–≤—ñ—Ç
–ó–±–∏—Ä–∞—é –¥—Ä–æ–Ω–∞ —è–∫–∏–π –±—É–¥–µ –≤–∏–∫–æ—Ä–∏—Å—Ç–æ–≤—É–≤–∞—Ç–∏—Å—å –¥–ª—è —Ç–µ—Å—Ç—ñ–≤ –†–ï–ë
—Ç–æ–≥–æ —î —Å–ø–µ—Ü–∏—Ñ—ñ—á–Ω—ñ –≤–∏–º–æ–≥–∏ –¥–æ –Ω—å–æ–≥–æ
–ù–∞–ø—Ä–∏–∫–ª–∞–¥, —â–æ–± –¥—Ä–æ–Ω –ø–æ—á–∏–Ω–∞–≤ –Ω–∞–±–∏—Ä–∞—Ç–∏ –≤–∏—Å–æ—Ç—É, –∞–±–∏ –≤–∏–π—Ç–∏ –∑ –∑–æ–Ω–∏ –¥—ñ—ó —Ä–µ–±—É —ñ –≤—ñ–¥–Ω–æ–≤–∏—Ç–∏ –∑–≤'—è–∑–æ–∫. 


–ü—ñ–¥–∫–∞–∂—ñ—Ç—å —è–∫ –ø–æ–¥—ñ–±–Ω–µ –º–æ–∂–Ω–æ —Ä–µ–∞–ª—ñ–∑—É–≤–∞—Ç–∏, —â–æ –¥–ª—è —Ü—å–æ–≥–æ –ø–æ—Ç—Ä—ñ–±–Ω–æ?",–ú–æ–∂–Ω–∞ —á–µ—Ä–µ–∑ ardupilot scripts —Ä–æ–±–∏—Ç–∏ (–º–∞–π–∂–µ) –±—É–¥—å-—è–∫—ñ —Å—Ü–µ–Ω–∞—Ä—ñ—ó.
